id,rent_price
7000,2503.1144616863876
7001,3025.947460135455
7002,3848.5739331871437
7003,1311.3665166548192
7004,2487.4408699701435
7005,1828.9330834340192
7006,3259.8753477726586
7007,2226.845339348077
7008,2025.626255902541
7009,3124.869314991938
7010,4603.23897675358
7011,3026.490446535926
7012,2177.8119809484415
7013,2642.338359634794
7014,2838.9310208769375
7015,3682.7411198122945
7016,2950.5340678662324
7017,3356.3361892389867
7018,4185.3715853560525
7019,3109.0884447974886
7020,3562.580986118568
7021,1537.1537613707685
7022,2299.2116880799776
7023,2473.781622436959
7024,3647.8839354480715
7025,2834.0955454527484
7026,3254.2307094074076
7027,2491.8532014547573
7028,3776.242547832985
7029,2861.7621072744887
7030,2486.784081001476
7031,4415.167506654306
7032,3508.6305368794156
7033,2501.401985333773
7034,4253.254449704219
7035,2656.8225761140175
7036,1804.1430234576176
7037,3813.987494735322
7038,2995.7890452000993
7039,3688.2257481851975
7040,3631.323536989913
7041,1796.4585069328625
7042,1626.9138477230788
7043,3379.2726465527558
7044,2535.1607001491593
7045,2384.95772066715
7046,3682.736565768858
7047,1418.184046180543
7048,3594.561473905669
7049,2125.5915690486954
7050,2449.7755637827704
7051,2998.228663548278
7052,1893.529156480968
7053,2329.9696882093504
7054,2957.893719619018
7055,3095.885429662744
7056,2160.0489487940886
7057,3512.5744760328735
7058,2255.076167968259
7059,1368.5223165272198
7060,2572.8389627523684
7061,2037.3035310330963
7062,2463.983412581083
7063,3696.398086176523
7064,1764.3146912340292
7065,2324.8251563566673
7066,2522.026758630859
7067,4107.363113401417
7068,10037.258837603833
7069,3872.762002088164
7070,19118.147430686422
7071,1916.3656451687373
7072,2012.4838357763435
7073,2693.2250317599337
7074,1892.3989667115072
7075,2815.6956889715775
7076,2405.8821576594055
7077,1972.9997743109918
7078,3156.4135542007316
7079,2911.3251149427297
7080,2483.8694774025753
7081,1992.5604028801997
7082,4522.913640625741
7083,2997.2866952418126
7084,3091.7218796991556
7085,3528.0664698754254
7086,2073.7727428674607
7087,3183.8815209542745
7088,2362.389233827532
7089,2590.7596579057554
7090,3247.165896982935
7091,2122.5609120810077
7092,3156.4135542007316
7093,2247.6083195834244
7094,1707.9480507866317
7095,2426.3162075926366
7096,2107.487982712475
7097,2973.9180929774584
7098,3170.496460136231
7099,1916.347325498711
7100,1865.9413286241172
7101,3144.867549993246
7102,2313.7665424948
7103,1143.7433125256105
7104,3928.736522057269
7105,3960.488378338674
7106,2833.473987116223
7107,3646.939480200933
7108,1963.1824413028778
7109,1332.8840393437692
7110,2993.625221589419
7111,2491.3052904886326
7112,2399.044575796858
7113,1568.2308303452694
7114,3577.609525914647
7115,2110.327024108873
7116,2037.3035310330963
7117,2083.1867090984533
7118,3050.4934350368085
7119,2636.6229209460853
7120,2317.511298399888
7121,1832.3208977444358
7122,3173.2042690722774
7123,1762.8001561540907
7124,2042.455947616421
7125,2002.3702218819892
7126,3329.8427453993063
7127,2358.245865357402
7128,1819.3168782350301
7129,1656.0199124199346
7130,2752.920193923007
7131,3125.4449283246777
7132,2950.6127362467796
7133,4208.484677888492
7134,1028.9106017277297
7135,4106.768958579706
7136,2258.3778054604572
7137,2282.179922548792
7138,1964.7162281417857
7139,3749.0267515960804
7140,2545.5030510136758
7141,2245.110473013073
7142,2137.7257795095948
7143,2433.4649775271346
7144,2257.0408825501863
7145,2055.601426051312
7146,3608.37488810169
7147,2187.333447495038
7148,2004.9577887115095
7149,3156.4135542007316
7150,2172.5891174083936
7151,1832.8421556298015
7152,2448.452823207307
7153,3297.948407013726
7154,1915.956513968558
7155,3622.490338779103
7156,1433.8852417057417
7157,3100.549365427568
7158,2954.131971249002
7159,1827.315822149578
7160,1726.6963208000986
7161,2396.7810307425534
7162,2199.383349743076
7163,3330.9928309574752
7164,2310.601834480931
7165,4147.084187022953
7166,1944.1483654064712
7167,3716.3944541255178
7168,2583.0802085675787
7169,3254.9301130062368
7170,1951.227006344586
7171,2137.1839875759797
7172,2016.1867885278696
7173,3355.796111985069
7174,3492.543686190712
7175,1984.1687556913214
7176,2047.8216394218177
7177,1894.4329077355321
7178,3087.73507378307
7179,2224.1693251655197
7180,3557.5111329169113
7181,3273.5418356312657
7182,1532.3635937789138
7183,2884.4090710155306
7184,2108.78787755961
7185,1899.6378844830576
7186,2658.1917034447333
7187,2734.2890929305913
7188,2811.490259601076
7189,2015.6131483948832
7190,2770.4256722569344
7191,2234.422588182133
7192,2144.9621573553713
7193,1634.8571433585746
7194,4527.849212857608
7195,3875.6162152386732
7196,1567.491584781381
7197,2259.940374988216
7198,1862.8728493193878
7199,2228.5137544024947
7200,2021.9023822662127
7201,2418.4300891702705
7202,2458.667797857852
7203,2536.2353126015523
7204,2731.3281465475575
7205,2242.070353656017
7206,2084.904631162358
7207,2752.7436288543477
7208,1962.4080934356264
7209,2102.5450349218463
7210,1386.6702037700031
7211,2286.4861405656757
7212,2224.8686161855603
7213,2148.2340755159485
7214,4015.6444705311915
7215,2459.921684983774
7216,3771.0235431346646
7217,2158.7590429419797
7218,21832.90327857826
7219,2590.098681228541
7220,3645.3312537111606
7221,2109.15972425729
7222,3397.0107811526095
7223,2130.9885643007274
7224,2799.9349606370797
7225,12571.966203387447
7226,3010.6827101837443
7227,2511.1383784389827
7228,3492.155167265473
7229,2152.6057813903926
7230,2805.3251472119637
7231,3517.295951583138
7232,3961.8891918381833
7233,2487.4408699701435
7234,1946.285145072445
7235,3689.3930201532476
7236,3125.1479329217536
7237,2933.4741471625166
7238,2218.32911209321
7239,1701.0255607011275
7240,3710.052775988617
7241,2031.4908676160924
7242,3910.085334031647
7243,3583.0730216912525
7244,4231.420530232049
7245,3130.1332999914202
7246,2413.1681171897308
7247,3592.186663975219
7248,1093.8716715303074
7249,2688.9756826661333
7250,2777.2237167865887
7251,2410.0920666502598
7252,2515.9558237085903
7253,3220.1542789652003
7254,1133.006130886453
7255,1440.9123209691377
7256,2282.68323406141
7257,3324.8568610823086
7258,4389.329752780263
7259,1637.1975260890806
7260,1608.9779255996034
7261,3091.856155451239
7262,3041.1946608642893
7263,2057.1590517333907
7264,2376.79456196539
7265,2475.3762659630347
7266,3110.817831678365
7267,3511.790405767738
7268,3715.9790175954495
7269,2463.917321498071
7270,2694.0563111723213
7271,2621.2231481141507
7272,2146.6491790013533
7273,2140.2374569156555
7274,2004.5379640515646
7275,3173.2042690722774
7276,4028.7443643213064
7277,2595.4058044791136
7278,4039.2474397872675
7279,2748.4285683238713
7280,2459.892181826659
7281,1930.9562978916417
7282,2290.3158515964824
7283,2237.5790498954766
7284,3439.8960421285765
7285,2194.193389128068
7286,2509.40187477944
7287,2547.678913906697
7288,2575.929152045105
7289,3022.582597190223
7290,3126.555822700707
7291,3868.815834209294
7292,3154.055448806148
7293,2389.5715698774284
7294,3636.012577913787
7295,2153.3670027244407
7296,11414.304178952318
7297,3966.902614837566
7298,2863.9908346731
7299,3312.8335685526645
7300,2956.2599172048813
7301,2828.0798584247286
7302,1234.120435173011
7303,12397.555631103982
7304,1970.4212565509044
7305,21678.06829686333
7306,2251.6105625486343
7307,2411.7589961451595
7308,3144.2694052075494
7309,2360.4952659808696
7310,2363.235111217914
7311,2283.6389298935646
7312,2536.048465518469
7313,2352.113901325434
7314,1588.2097513057713
7315,1994.0703377624384
7316,4449.601114826663
7317,2514.201246514838
7318,2026.06959793372
7319,2251.1769389882866
7320,2836.468138783922
7321,3693.9233463096134
7322,2981.701448854995
7323,2352.7389678958116
7324,3503.4060191511353
7325,3158.86415996452
7326,1241.5083404275645
7327,2254.474658057029
7328,2829.169911176966
7329,2305.205703192889
7330,2075.857900752929
7331,4531.907453688614
7332,2795.6022480591155
7333,3586.180831864206
7334,3091.53385564611
7335,1860.6710593305004
7336,3918.5555836362773
7337,2656.8225761140175
7338,2327.0880183390345
7339,2593.0779562774287
7340,6822.056829598653
7341,2321.8247636078595
7342,2131.6267755759573
7343,4403.669640423944
7344,1592.3466602221908
7345,2053.607524458147
7346,1568.7632731828437
7347,2088.023607525547
7348,3821.949197873193
7349,2631.7429484622044
7350,3620.109121975255
7351,1381.2843034737677
7352,3791.1616395903175
7353,2255.025533196489
7354,1675.5589152410719
7355,3262.1839672496017
7356,3483.388514307252
7357,1583.4229139958873
7358,3983.9430209301836
7359,2233.7667114925734
7360,21265.413625703488
7361,2730.3291314800654
7362,2594.654402072054
7363,2037.8697673087474
7364,11942.807751328872
7365,1875.9221133273948
7366,1505.3587588810053
7367,3075.905193801719
7368,2525.756190373744
7369,2101.3190728925183
7370,2220.171976903819
7371,1228.749170130873
7372,1337.4309436885344
7373,3417.2287856172625
7374,3837.7930769305167
7375,1862.739187035387
7376,4382.358902609104
7377,1547.5017343636403
7378,4276.669810893366
7379,2720.6799668937756
7380,14408.954781314202
7381,1903.120741680925
7382,2997.2979483287127
7383,2243.3454444928293
7384,2549.453331163292
7385,2726.394349950351
7386,2316.2025383989194
7387,1392.7785577601637
7388,3128.2403280638664
7389,2736.8927556606805
7390,2151.1838286849325
7391,3110.817831678365
7392,2920.6175426269665
7393,7997.318482150528
7394,2577.484598572504
7395,2595.2294352049994
7396,2738.8662216354032
7397,2201.9131736272157
7398,2301.8857150199046
7399,1539.1393837656872
7400,4113.8285046829415
7401,1890.993152776574
7402,2441.77731285566
7403,3282.052668075871
7404,2436.919189635477
7405,2495.155858284843
7406,1920.0611784173336
7407,1235.4730979541466
7408,2081.912443750879
7409,4319.08029799284
7410,3432.207675732546
7411,3771.0235431346646
7412,20404.106270721128
7413,2503.692185657891
7414,2167.9561978032843
7415,2242.1876755115736
7416,3269.3766893847924
7417,2250.2145944838912
7418,3438.6225594793914
7419,1944.415050769405
7420,2475.5084455120477
7421,1099.4432861154853
7422,3960.488378338674
7423,2687.3565024260442
7424,2004.0834452700963
7425,2423.2865587311526
7426,2945.685413819816
7427,3149.5957670221305
7428,3189.948613549539
7429,2065.324147998228
7430,3682.736565768858
7431,2424.5385902652934
7432,2999.71754598992
7433,2832.6439147553638
7434,2044.355759735685
7435,11506.444524102946
7436,2190.7419224462437
7437,2011.563140530043
7438,2303.301684539555
7439,3203.0696816064574
7440,2746.8908250431596
7441,2509.40187477944
7442,2446.5675176337472
7443,1638.0514773339526
7444,14136.003676254148
7445,2305.883906382828
7446,9269.773801514393
7447,2076.7870646471974
7448,2967.516339187684
7449,2747.539071255812
7450,2840.457299667961
7451,2458.0830702925487
7452,2639.150288165597
7453,1782.2879659538592
7454,2106.4747132700695
7455,1977.210695176446
7456,2783.5044884897534
7457,2059.3125528672663
7458,2671.5289910308775
7459,2805.5864403545957
7460,2234.534963008443
7461,2696.256666038372
7462,2294.648806017355
7463,2190.1319416159304
7464,3570.5761599671005
7465,2179.383556110306
7466,14112.879594087179
7467,14137.209254914955
7468,3653.8206693526827
7469,2660.9027332060114
7470,2036.5228203242143
7471,3196.005378559622
7472,2096.920186655735
7473,3014.242339968824
7474,2557.9652614979123
7475,2255.500077581705
7476,3006.9259816051654
7477,1772.0151715004615
7478,2269.6091666554976
7479,2512.8910148442155
7480,2590.0494092695853
7481,11189.687925448257
7482,2190.753854621098
7483,2950.4884780641705
7484,1832.7754165259041
7485,3360.748003091154
7486,3792.0495364742555
7487,3348.9349033367525
7488,3667.5272467611276
7489,3464.0339350662407
7490,2292.652942205623
7491,2662.3360356217163
7492,2159.2844254103593
7493,2830.1059804105407
7494,3516.7359131518606
7495,2642.5215410985147
7496,2125.174596712598
7497,3567.9243694195893
7498,3578.2553171980126
7499,2371.3355056338705
7500,2519.7824100807966
7501,3817.5059368250722
7502,3128.1747968866866
7503,3480.190233471916
7504,2277.5593834634465
7505,2547.59134307407
7506,2478.50053483227
7507,10504.273177201198
7508,11685.908768652962
7509,2661.0408168349268
7510,3534.692667902589
7511,2145.8498922595327
7512,4303.289882740307
7513,2775.5737723438788
7514,2175.864888254746
7515,2272.347615048222
7516,3542.717300547688
7517,3194.6768305784235
7518,2404.160739593037
7519,2125.096663910038
7520,1736.2589716510063
7521,3242.034026444063
7522,2626.0240763927004
7523,1466.8800291942964
7524,3398.644168271605
7525,2263.0810223878298
7526,16595.318999363237
7527,2260.6076931526413
7528,2133.3267459747294
7529,4016.9469945100363
7530,3206.5076532574076
7531,1901.0130280197056
7532,1845.8067376136125
7533,2551.1728594050146
7534,1155.0570640003705
7535,1738.8225774404898
7536,3110.817831678365
7537,2725.209645922646
7538,2428.1845987684355
7539,3064.6521626551876
7540,2767.9458473563236
7541,2645.7931629178847
7542,2522.026758630859
7543,2465.103817247461
7544,2458.6240802372668
7545,2546.841634957098
7546,2123.6677070456553
7547,1467.6527873315738
7548,1851.2055710656139
7549,3665.8541856251722
7550,2660.2236092085377
7551,9249.531826931678
7552,2829.0863669015544
7553,15229.577600565193
7554,4112.696539936992
7555,3770.33157387731
7556,3751.4411518720717
7557,3807.0668588075087
7558,2369.2189416623805
7559,2530.4731889975683
7560,4004.442577184923
7561,1974.7187674674103
7562,2735.8843343382696
7563,3087.73507378307
7564,17688.143461617383
7565,2735.310892495081
7566,2692.3799176991515
7567,2255.9807806193758
7568,2922.5422307256813
7569,2140.825033062383
7570,2910.79934600247
7571,2617.5621125550006
7572,4039.2474397872675
7573,2352.113901325434
7574,1886.0228817872828
7575,2656.8225761140175
7576,3257.8700310695313
7577,1055.9046661265386
7578,1552.7466723975806
7579,1510.8161333592445
7580,2389.8221999723683
7581,2097.191108672073
7582,3242.6110564931523
7583,2614.728756542808
7584,2463.055960816818
7585,2666.9092147977035
7586,2409.3343804601855
7587,1845.5211058406146
7588,4032.59660019235
7589,2413.1681171897308
7590,2203.2501036971717
7591,2271.2323507967503
7592,1905.5974777942981
7593,2034.1844313631775
7594,2478.852571829473
7595,2120.538394427117
7596,3689.3930201532476
7597,2010.3650728770679
7598,1954.8256124084835
7599,2769.867576231536
7600,2215.903229719742
7601,2356.166311505278
7602,2566.9032650077315
7603,1636.1971164919303
7604,3962.953187050578
7605,2334.9208085085957
7606,4393.809475973471
7607,14550.652004971156
7608,2244.6559542316054
7609,2537.6242455200418
7610,2779.0818699171596
7611,2145.6937771372504
7612,2399.0690797322286
7613,3557.84466695605
7614,12984.323745797172
7615,2903.9161247122465
7616,2258.9404771860845
7617,2238.3383171555306
7618,1362.9268181205264
7619,3268.3826281201946
7620,1285.6971218348942
7621,2375.3112125212356
7622,3203.8488931084958
7623,3338.5972186496383
7624,3001.3802406192444
7625,6761.5568084198685
7626,3340.4688378484234
7627,1482.0274445045118
7628,2703.334289056308
7629,2003.751289405316
7630,2215.903229719742
7631,2498.1021463267816
7632,2273.2702576566808
7633,2380.8559801974916
7634,2180.8441008417567
7635,2063.1065888457033
7636,2297.7158893543938
7637,3238.3818507500546
7638,3771.0235431346646
7639,2111.3752526344597
7640,2438.2800516959605
7641,2458.2132790763844
7642,2965.0408199770336
7643,2112.5426132904713
7644,2616.0450245085003
7645,2830.9707298846224
7646,3300.126318190556
7647,3177.390118165401
7648,2287.796598443696
7649,3463.9667234634308
7650,1081.5554412927556
7651,2585.9801705304
7652,8935.601200614145
7653,13051.551026642348
7654,1695.0836285173798
7655,2140.6705347117495
7656,2604.286211877181
7657,12638.78770173008
7658,2596.4950514134607
7659,2452.972383122068
7660,1939.6151516312354
7661,2155.9283564222806
7662,3971.6854176308125
7663,1849.9083585560377
7664,2616.334089387261
7665,2494.0979567299783
7666,2606.3445694924476
7667,2459.180135564093
7668,2097.5440873854614
7669,14001.741883584304
7670,3313.3587167497562
7671,2114.0935776418764
7672,18916.955645116872
7673,1925.1381300509981
7674,2091.4824586479344
7675,3106.0991604956616
7676,2324.983983451917
7677,2348.48674830606
7678,2469.7951444138307
7679,2193.042409723197
7680,1353.1082481858118
7681,2323.7697200934654
7682,2316.596349260002
7683,2748.824893756132
7684,1456.6813058107011
7685,2291.8367248794293
7686,4508.049951411417
7687,2040.1233788293714
7688,3241.209382946293
7689,1983.2493880784025
7690,1960.1536468029065
7691,3026.203381918086
7692,2334.667611346247
7693,13998.574865039842
7694,2321.6778397584885
7695,1238.5928398763374
7696,3126.555822700707
7697,17197.266882107146
7698,2318.3519841074403
7699,2358.691211669493
7700,3263.4733926724484
7701,3131.195050402801
7702,2312.644223156326
7703,3424.0134732679808
7704,2118.544769775878
7705,2729.0838193432774
7706,2881.5227347064183
7707,3244.3629025272203
7708,3864.7254210911806
7709,2144.588278249076
7710,3508.52107940686
7711,3685.694785625172
7712,1820.4882857188015
7713,3778.9854918772717
7714,2828.7164900054904
7715,1798.4156774550354
7716,956.4397021628454
7717,3144.867549993246
7718,2225.508409278121
7719,3612.113948126723
7720,2215.903229719742
7721,2332.0522597051313
7722,2536.4158295779043
7723,2684.8950875909077
7724,3019.973317168533
7725,3525.1838907225247
7726,10215.040457142159
7727,3192.80142943544
7728,2475.42702413612
7729,2415.2123189774447
7730,3851.7322003608633
7731,2435.6819859050065
7732,2443.0621486991986
7733,4085.1394013786457
7734,13658.251224645746
7735,2029.7459999264472
7736,1489.5391764924723
7737,2278.914089140635
7738,2731.2857750193753
7739,3131.195050402801
7740,2882.6919628393625
7741,2388.249747790499
7742,1694.2577099458688
7743,4093.623515612311
7744,2684.574213842495
7745,3445.625800463604
7746,1814.303660476907
7747,2458.17960197287
7748,2738.053576247459
7749,2632.6920506541337
7750,2154.368057917761
7751,1552.241627967807
7752,2269.1964853980844
7753,3323.6857644891597
7754,1794.657727908918
7755,3721.669026317456
7756,3189.948613549539
7757,2755.0939913246193
7758,2240.233064103825
7759,3697.5669636484063
7760,3769.7716931956347
7761,1426.7993538116991
7762,2201.9131736272157
7763,2907.244016862148
7764,2580.4660018353306
7765,2679.8883424525
7766,3669.3659730164954
7767,2128.0889985199356
7768,2147.4533648070665
7769,2334.189958123733
7770,2351.8603638253962
7771,2225.508409278121
7772,1194.2770344173025
7773,2583.092067508461
7774,3012.028823416472
7775,4096.353127757387
7776,2883.1897434693774
7777,2354.155275973875
7778,2416.6098315965583
7779,2448.1871126727847
7780,12837.203116665096
7781,2666.9309762998664
7782,2929.132766437474
7783,8009.9812650832255
7784,2096.2675128298733
7785,3091.856155451239
7786,2177.741533991719
7787,2349.892614213544
7788,2742.1610593177174
7789,2983.1884946631553
7790,2094.824428108399
7791,2227.475535774177
7792,2231.8331639725548
7793,3721.367023732576
7794,1053.5642220403086
7795,2299.96800089309
7796,3330.3368825186362
7797,3039.6344628222732
7798,2299.96800089309
7799,2335.181704101551
7800,1826.681780145518
7801,3322.909189825069
7802,3320.5510844304854
7803,2855.360137348337
7804,2702.1106092059927
7805,2048.255357191717
7806,2318.8347690125765
7807,3903.130940293141
7808,2713.741494590714
7809,3436.4722900187653
7810,2042.6187616685781
7811,2102.9241491319362
7812,2463.4033357710723
7813,3189.672385028689
7814,3101.5456277471767
7815,1345.397434997945
7816,3402.5552510121397
7817,3395.08379600594
7818,14618.857504384012
7819,3274.0256744986827
7820,1925.5710147009147
7821,2379.0696032119677
7822,2674.855994051104
7823,2755.70955169611
7824,1906.5980077242486
7825,3080.3638780109823
7826,2037.3035310330963
7827,2035.7663089377818
7828,1635.2354680509204
7829,2621.207484011993
7830,3524.5195566134607
7831,2096.132703874059
7832,2628.3231451719284
7833,1434.1342747029937
7834,3763.013062128267
7835,2967.012313884963
7836,3126.0756772262775
7837,2723.7814103475566
7838,2623.9369949244565
7839,3710.4812898691753
7840,2802.096052239929
7841,3125.655271955863
7842,2479.5845174779024
7843,3991.1048617617435
7844,2662.93896219978
7845,1931.3455449041492
7846,2757.7854005176823
7847,2104.5224962632365
7848,3072.2076272765335
7849,12526.499891334062
7850,1337.7558479935735
7851,3521.6270017926618
7852,2490.6999399359556
7853,2488.7331309283272
7854,2961.1457972701546
7855,3906.712511609103
7856,2236.0269994831024
7857,2057.0618247653165
7858,2583.0802085675787
7859,3578.2553171980126
7860,2542.711810114608
7861,2358.528162745609
7862,2458.6240802372668
7863,2229.0847635789305
7864,3559.8150415761456
7865,3893.698059155041
7866,3125.655271955863
7867,2801.9507044573757
7868,2210.0741286598477
7869,3752.0618669075393
7870,2712.205298070581
7871,2032.9471131576117
7872,2340.524637003681
7873,2106.3502377070217
7874,3930.127968868459
7875,2298.9829979589776
7876,3282.1764171142313
7877,1496.6664092360145
7878,3001.3802406192444
7879,3512.8080534437568
7880,2948.268137235942
7881,1409.7373204814583
7882,2860.8721120193595
7883,5118.016843709759
7884,2967.556873930459
7885,1395.529836376694
7886,2641.0391454962846
7887,2581.0939461857315
7888,3606.406900057136
7889,2209.51750116517
7890,2764.6193324468886
7891,2216.87138821212
7892,2145.327679723452
7893,2092.2990200297027
7894,14662.340748459701
7895,2992.558478212928
7896,3641.7018974688635
7897,2508.201175592827
7898,3237.8730502165754
7899,1752.6933832040997
7900,2528.7586444765175
7901,3125.655271955863
7902,1906.818442636936
7903,3106.5590797918157
7904,1223.1187769570304
7905,3168.502350311277
7906,2855.5400587828735
7907,2027.7276556491668
7908,3714.5180517162344
7909,2265.53109779418
7910,2904.0279685955256
7911,2585.64388072604
7912,3226.1826913769846
7913,2462.8540393662206
7914,2125.8151140461496
7915,2582.286543896841
7916,1935.727128719436
7917,2390.360055374208
7918,2994.339124016439
7919,12699.648547016526
7920,3735.087305639797
7921,4648.78650615873
7922,3177.390118165401
7923,2234.2297603042507
7924,2581.651713111627
7925,13084.564980087884
7926,4296.855301717064
7927,3488.128670834918
7928,1988.5920384556914
7929,2547.59134307407
7930,1169.2380416360454
7931,2581.7658631003796
7932,13654.322052538468
7933,2209.9959634144416
7934,2799.0363123091474
7935,2785.751600229207
7936,2464.1424987489236
7937,2019.4570350044012
7938,3098.0712190322583
7939,2745.9023263214513
7940,2018.8121470901926
7941,3816.267124153954
7942,1532.3635937789138
7943,2117.24627869532
7944,2216.637809807362
7945,2585.9915377404322
7946,3425.3862781741254
7947,3790.3706036938793
7948,2094.824428108399
7949,2762.086078343029
7950,2027.4661057551095
7951,3322.909189825069
7952,1884.0195949837841
7953,2513.1227593643807
7954,1663.0599433868122
7955,2953.7834457674535
7956,2018.1262222223688
7957,2255.9807806193758
7958,1805.5286541826374
7959,3808.9694336832263
7960,2182.5759503843055
7961,1316.2130373611283
7962,3260.016564752219
7963,3149.0441265378486
7964,2472.7854303837694
7965,1551.0067686779291
7966,1752.8097626705342
7967,3538.364130084371
7968,1449.5530103549538
7969,7466.792350771774
7970,3449.3819162533973
7971,2457.180763384794
7972,2096.0463988251104
7973,1756.8242429035201
7974,1840.096273780974
7975,4195.796279013891
7976,3123.841910256455
7977,2726.511659782972
7978,3568.2880341881546
7979,1747.53238147953
7980,2070.2822091047246
7981,1997.1588243478748
7982,4217.5542335304135
7983,2673.49555975781
7984,1755.0678418112245
7985,2372.291814764717
7986,1871.2315347692959
7987,2928.8831500740507
7988,3576.401528343509
7989,2517.1436940940084
7990,3182.1183351942855
7991,16249.826060203206
7992,2123.6677070456553
7993,2557.393444706454
7994,1705.0949878669044
7995,2175.398200816395
7996,3597.821614482391
7997,1567.381636745343
7998,2370.954899240227
7999,2310.987060841717
8000,3749.6821870086324
8001,2730.3291314800654
8002,3304.5407725519335
8003,2122.5609120810077
8004,2032.9153189622514
8005,2768.9315710014243
8006,1594.7898715899444
8007,3082.977576672338
8008,2634.4578913440864
8009,3031.22765545921
8010,3551.7560287537717
8011,2234.422588182133
8012,3165.4966769765315
8013,1473.3521609581128
8014,2234.9008356152062
8015,2736.115105192377
8016,18024.877258639037
8017,3854.595625353142
8018,2236.3547599176736
8019,1693.9143414951275
8020,2315.695783794139
8021,2349.4605447061313
8022,2564.0215319403496
8023,2215.903229719742
8024,3524.589097427629
8025,1855.8423910209196
8026,2795.3730138595784
8027,2259.840055482614
8028,4339.425551429694
8029,4290.27042399408
8030,2242.070353656017
8031,4474.577252095879
8032,2670.8472957895656
8033,1389.2521976811934
8034,2632.220541093663
8035,1058.7263537105607
8036,2216.4641222193977
8037,2386.182023840871
8038,2268.259399521732
8039,2548.069557836966
8040,2245.1133670989047
8041,3085.200528132068
8042,4062.01055256359
8043,2182.1810309117127
8044,3512.260925100599
8045,3906.2964517220616
8046,2523.2080842089154
8047,3623.2307407635417
8048,3339.1212504125842
8049,12696.710130572512
8050,1946.2607321742937
8051,2736.9866174974595
8052,2053.477043242372
8053,4093.1948605836706
8054,3433.874811471057
8055,1160.6587768073757
8056,4382.358902609104
8057,2955.799834744762
8058,11856.651992785171
8059,2518.6499204340635
8060,2500.406385468862
8061,2355.7117927238096
8062,10952.316005494244
8063,3395.139728137776
8064,1451.1837006538005
8065,17278.580774447128
8066,3741.680229302782
8067,2320.0191094924658
8068,3191.770445375024
8069,2123.6677070456553
8070,1727.7507775432434
8071,3464.6938391574467
8072,1894.668812843922
8073,2376.331991856756
8074,2663.6145894024585
8075,3698.6696935919326
8076,2133.842296049216
8077,2416.0340147213847
8078,1714.8394309946332
8079,4679.279632238628
8080,1537.4394221877913
8081,2426.3162075926366
8082,2399.5181967447143
8083,2472.8970019692943
8084,2773.419032541451
8085,11632.37484371776
8086,2645.995433120349
8087,2026.0807746840094
8088,2877.1932133121927
8089,2060.873813553878
8090,1324.2629043166996
8091,4554.987601247646
8092,2026.0786601481543
8093,2033.4016319390796
8094,3319.820464666489
8095,2418.4300891702705
8096,1912.8637638130774
8097,2144.902904819367
8098,2128.1481260613464
8099,1947.6623753980791
8100,2417.9370163429485
8101,3875.6409564281785
8102,4208.484677888492
8103,2506.7773905806434
8104,1791.9615911213252
8105,2390.9460770795904
8106,2033.0545993698404
8107,2868.2220802328848
8108,2340.537963645913
8109,2234.422588182133
8110,1780.1278473977093
8111,2022.9340056499539
8112,2333.6276246378084
8113,2993.625221589419
8114,2745.9023263214513
8115,2779.6377352891286
8116,1568.7632731828437
8117,3083.0068567541857
8118,2802.5360507406986
8119,2627.837818205604
8120,2747.118916964685
8121,2190.8993588599287
8122,2617.472668836418
8123,3992.314413978903
8124,2716.424302977911
8125,1863.0483786552766
8126,1495.6282308680045
8127,2078.4918728133307
8128,2413.1681171897308
8129,2551.741642642647
8130,2374.6811970060935
8131,2927.5302606515497
8132,2755.70955169611
8133,3244.969161887736
8134,3844.727301000099
8135,2034.1912809075523
8136,2196.0394588088784
8137,12329.505476302273
8138,2318.797529680538
8139,2019.6615853442543
8140,1865.501243054174
8141,4089.4665024440565
8142,2718.254153166992
8143,2732.89666479657
8144,2174.5067594575303
8145,2048.255357191717
8146,2114.1040942588224
8147,2952.9963542648275
8148,2310.601834480931
8149,2299.2116880799776
8150,2506.2845800403566
8151,1955.8073501246574
8152,1513.212365702035
8153,3752.0618669075393
8154,3565.951629143631
8155,2970.0464418468546
8156,1201.4421296231028
8157,2491.449302737079
8158,1188.039880086447
8159,3888.566084966951
8160,1867.2616224729643
8161,19397.684984994685
8162,1799.2509695669412
8163,2878.598936455255
8164,1075.7515596790906
8165,2247.0088495107884
8166,3701.36314689971
8167,2818.4890109089665
8168,2130.9068993948295
8169,2465.76387044466
8170,1732.0652365387957
8171,3112.1232132237446
8172,2339.911382528603
8173,2179.078464061675
8174,2196.0204497949844
8175,2222.5717861456033
8176,4744.513942667852
8177,14309.851173866335
8178,1759.0294366837218
8179,2486.784081001476
8180,3670.4177054095844
8181,3907.8361065614527
8182,2222.481094694411
8183,2477.911744688372
8184,3517.399637073834
8185,3398.852749719209
8186,2329.556901590112
8187,1777.7307652388047
8188,22208.14731917335
8189,3328.690597811854
8190,2472.076525802253
8191,3156.4135542007316
8192,3126.0126538340455
8193,4327.745085451553
8194,1330.5565598273681
8195,1349.4908618068555
8196,4039.2474397872675
8197,1800.5807486588667
8198,2531.457699565297
8199,2868.655401575723
8200,3811.55175059695
8201,3950.3217739648608
8202,2166.115239282315
8203,1816.281294131574
8204,4226.759879575337
8205,2107.9376613269005
8206,2026.0807746840094
8207,1257.9728210683754
8208,2530.4731889975683
8209,3813.3769495959605
8210,1539.5766898478425
8211,2849.856306773263
8212,1363.1431050117687
8213,2239.504929957139
8214,2234.7480352118428
8215,1834.2738161465215
8216,2305.3373948115714
8217,1483.485180157544
8218,3453.965681479144
8219,2016.1867885278696
8220,1820.8209333614361
8221,3114.1577846320324
8222,3865.4994391971286
8223,2682.2575915662446
8224,3141.118499051241
8225,4073.0775257004525
8226,2452.895814337063
8227,2311.053024284951
8228,2004.5379640515646
8229,2225.233932860516
8230,3000.8420243821347
8231,2536.753783167833
8232,2222.481094694411
8233,2723.2371472051746
8234,2265.962309603471
8235,2297.878850897945
8236,3547.135707473083
8237,3612.113948126723
8238,3782.2079339778056
8239,3245.9466590506736
8240,2625.2364928243433
8241,4152.9074143226835
8242,4495.388081894956
8243,1800.4907686714512
8244,2981.736985574
8245,2041.675236907539
8246,2692.832623338135
8247,2215.4487109382735
8248,2130.9885643007274
8249,3149.5957670221305
8250,9458.713924709946
8251,3680.526848553014
8252,2797.212871129799
8253,3336.2254423272525
8254,2302.0309629506783
8255,9444.68211636611
8256,2553.358850108015
8257,2185.996517425082
8258,2531.6157889753285
8259,3721.669026317456
8260,2831.288649565796
8261,2463.1472069147967
8262,2025.6261161788973
8263,2237.14025295844
8264,1469.7257239036237
8265,4000.587172511492
8266,2053.5470122879115
8267,3299.48782624238
8268,4016.163068493852
8269,2012.0293169948752
8270,4227.5012957545305
8271,2555.3237031430126
8272,2581.8753395045233
8273,2207.065590210541
8274,2398.6436015434138
8275,2384.96446214577
8276,2454.7903435077224
8277,1829.1272015939915
8278,3359.174145795222
8279,2261.147189369717
8280,2175.864888254746
8281,3033.36553213986
8282,2340.9167351706938
8283,2525.7802437692208
8284,3345.8812358281257
8285,1467.6820271636273
8286,1108.2262932823994
8287,3936.4048835068215
8288,2738.5147655130104
8289,1860.2238446316421
8290,2689.5259852118706
8291,3411.1672495444045
8292,2918.718285260825
8293,23998.033364204584
8294,3644.826137283794
8295,2164.8607949485913
8296,2340.203436166389
8297,2288.2769889098054
8298,2454.7903435077224
8299,3529.4617853709788
8300,2173.9260474783496
8301,1499.5245372128027
8302,2177.076095623459
8303,2005.5802969654221
8304,2729.7700300782526
8305,3762.479393478725
8306,2126.233282917773
8307,3816.121544148983
8308,3846.600314570541
8309,2099.687688630718
8310,2335.181704101551
8311,2632.341609421893
8312,3150.7395831780605
8313,3110.817831678365
8314,2309.3460616952634
8315,4022.7026140362104
8316,1342.176490072395
8317,2205.8769151020488
8318,2500.406385468862
8319,2465.4517540806237
8320,3118.886001660917
8321,1493.1860215484055
8322,4430.097194412817
8323,3916.0136564444247
8324,1898.283477720773
8325,4245.037142200917
8326,3072.1570309944273
8327,3980.8562286049773
8328,2068.2474122101485
8329,3096.663709400188
8330,2018.8121470901926
8331,2779.359192162032
8332,1420.7235508682395
8333,2738.671472326755
8334,2923.330205893092
8335,1953.0104103320311
8336,2052.4712043717427
8337,2774.5688135354803
8338,2893.0112836124044
8339,2755.001258815856
8340,3133.616489458692
8341,2495.343603765118
8342,2945.499899598247
8343,2882.9192666336758
8344,2982.8357345955346
8345,2153.272501756768
8346,2673.444242703911
8347,1338.718530279262
8348,2390.360055374208
8349,2783.5044884897534
8350,1327.963657562733
8351,2136.7855479311756
8352,3464.6938391574467
8353,2903.7123079176354
8354,1896.7988134250725
8355,3087.73507378307
8356,2083.0934434892324
8357,3862.1666346288757
8358,2006.2587806483464
8359,2297.7622182128234
8360,9336.186514717065
8361,2349.438095432077
8362,1859.7511992826305
8363,2174.3209669509424
8364,3683.144259601265
8365,3556.484245782656
8366,1828.675547905066
8367,3546.587009934411
8368,1930.6797937573094
8369,2184.0990683067903
8370,3182.1183351942855
8371,2033.4016319390796
8372,2305.6006226654827
8373,3366.901123628658
8374,1301.4687576275198
8375,6836.3567868153505
8376,2470.597588396111
8377,2532.240695965522
8378,2797.518211459206
8379,2086.659512469968
8380,1934.6981731164785
8381,2326.480047555817
8382,1415.198254163903
8383,3864.4896115092824
8384,3395.5481907000994
8385,3339.1212504125842
8386,2277.5247956634676
8387,1430.1303649186696
8388,2733.6753333225897
8389,8022.536985948457
8390,2166.1284349618118
8391,3851.7322003608633
8392,3918.7010629638526
8393,1430.565141600937
8394,2320.8684163889075
8395,2568.935394652599
8396,2617.0047640134853
8397,2098.418346276303
8398,3294.0809589417404
8399,4167.952097683951
8400,3790.1323537008166
8401,2414.249808439694
8402,2624.461965089966
8403,2686.9538256515652
8404,4076.4183322156614
8405,2192.856459058112
8406,2307.83455344071
8407,2103.8098151690083
8408,1829.1723490991005
8409,2411.221954724044
8410,3882.457261255854
8411,2895.990941473684
8412,1429.4124375136928
8413,3173.2042690722774
8414,4019.881359597518
8415,3084.548406530843
8416,4327.105244740457
8417,1607.1130595989391
8418,2110.195376121981
8419,3790.224217118037
8420,1608.414705881459
8421,2045.146580183988
8422,2037.3035310330963
8423,3173.2042690722774
8424,1394.7415569114976
8425,2409.3343804601855
8426,4059.2253942744746
8427,1407.337643451692
8428,3599.265521503601
8429,2648.76424808068
8430,2892.6509960813564
8431,1555.0552056273002
8432,3445.309658620672
8433,1912.7818766512435
8434,2245.2629657787384
8435,1836.8900405826164
8436,2555.3237031430126
8437,3380.0449252984517
8438,2669.551532951973
8439,3426.0525448447725
8440,1552.7295531219177
8441,2795.3439141489043
8442,3257.4341808771624
8443,3354.857900075517
8444,3604.959577371892
8445,2838.7379511367026
8446,2994.564484454758
8447,2117.4433528945356
8448,2036.5228203242143
8449,3451.2765482430023
8450,2234.9777321918427
8451,4032.59660019235
8452,2284.3979587722597
8453,1716.794802658815
8454,2946.349959961658
8455,2400.7865825385943
8456,1797.961158673567
8457,4507.282731467633
8458,13878.030048768209
8459,1414.9827274697798
8460,2481.5784401767787
8461,2090.669354325859
8462,2193.1751650115675
8463,2032.9471131576117
8464,1769.9419794671855
8465,2723.338703457601
8466,3884.8668302337173
8467,1805.1253541980439
8468,2404.686558288103
8469,2215.4487109382735
8470,1380.3516429940194
8471,1586.5941777026603
8472,2457.180763384794
8473,3882.6441222720705
8474,4467.2511891215845
8475,2056.1981434589115
8476,4845.564976578334
8477,2265.656888276714
8478,3409.5199148437714
8479,3870.432469160767
8480,2075.857900752929
8481,2037.6441236524104
8482,3147.283132551057
8483,3531.722764225211
8484,2036.7063540349347
8485,2536.4158295779043
8486,2413.1681171897308
8487,2139.654624489028
8488,2843.8642972258995
8489,2602.668985319613
8490,2144.0343881162744
8491,1691.9881664963862
8492,3276.7021847672677
8493,2472.2669587502887
8494,3021.0788546595977
8495,2386.478103339984
8496,1583.6219962877155
8497,3116.882232184372
8498,2171.787386272653
8499,3771.0235431346646
8500,3129.231864480811
8501,1551.0067686779291
8502,2762.458586001053
8503,3782.6465110783456
8504,2587.410630630582
8505,2261.792828731447
8506,1459.6774509215682
8507,2016.0897824156566
8508,3914.8267373227172
8509,2734.210544211075
8510,2418.5210359590756
8511,1502.2107608505214
8512,2388.3386226397715
8513,3080.450826971064
8514,1148.3767878709511
8515,2297.7056183830673
8516,2285.024331680078
8517,2210.7825253560704
8518,2368.1457357600602
8519,1887.0408250577436
8520,2517.105354831392
8521,1957.3692620270906
8522,1852.4223226760466
8523,2746.8613954839348
8524,3179.3964197101923
8525,2797.4957944669395
8526,2238.318025556253
8527,3444.2791218999964
8528,2229.326318393848
8529,2030.5207009377789
8530,10421.415653550828
8531,2610.65973222481
8532,2385.346466627552
8533,1141.5779101680612
8534,3960.5719702467286
8535,2690.680563697594
8536,2004.1944651937076
8537,3928.899505590917
8538,2776.004042663797
8539,2261.712140194526
8540,1389.2182236776064
8541,2477.5762384154386
8542,3665.7457496810066
8543,2339.508499098234
8544,3394.0520119239873
8545,2036.6271755522314
8546,1693.0655285758423
8547,3319.809892021951
8548,1783.3811668543642
8549,4727.55560854365
8550,3047.83441109411
8551,12512.655743031859
8552,14240.656467260384
8553,2327.4541616758706
8554,3771.5143308041006
8555,2163.307100326613
8556,3771.0235431346646
8557,2447.0532156818545
8558,2140.9875559029706
8559,1614.984597947571
8560,6651.968681427393
8561,2188.0446151006736
8562,3293.5853642232296
8563,1933.4532442456496
8564,1653.454161044974
8565,2231.9056217299158
8566,2997.2866952418126
8567,4005.750484375052
8568,3647.4846119243166
8569,11691.197961308411
8570,1229.931449443922
8571,2294.0795297391423
8572,3130.3061044973956
8573,3405.2741919804857
8574,2241.3938915000253
8575,2588.1235102056253
8576,3816.267124153954
8577,1964.7926964627466
8578,7963.091804188026
8579,4430.6911270963
8580,2443.641972319567
8581,3723.423569208634
8582,3603.9399841570375
8583,3858.9822449943695
8584,2821.495940403528
8585,2225.3812323189177
8586,2736.9413873717913
8587,2522.026758630859
8588,2417.9370163429485
8589,1833.9253626374732
8590,2418.78381388258
8591,2900.934542250563
8592,3122.8784118038284
8593,2172.482257101443
8594,3684.8468856162253
8595,2280.1303093394135
8596,3112.2118012372694
8597,2437.7823908177534
8598,2114.0486049857273
8599,3594.8035977063655
8600,3135.4125814548515
8601,2097.5440873854614
8602,2542.553961955904
8603,2795.6022480591155
8604,2463.983412581083
8605,2390.360055374208
8606,1637.1975260890806
8607,2454.7903435077224
8608,2998.7706276617846
8609,4285.452515339376
8610,2152.709229986671
8611,2511.5559809273273
8612,2591.0180830203435
8613,3145.717176415782
8614,3649.4881613891966
8615,2019.266665871661
8616,2362.1564003302483
8617,3147.7660550009477
8618,2908.552636490359
8619,3080.416931311679
8620,1631.8189218606874
8621,2317.8717347090587
8622,3150.0412142927453
8623,20883.11101511965
8624,4847.02601473497
8625,2575.543925684319
8626,2833.796958200447
8627,2690.8922258975936
8628,3773.96813012208
8629,1862.9754150346278
8630,2567.0947168872926
8631,4066.93359139338
8632,2015.759142538983
8633,2623.0582628698367
8634,2086.659512469968
8635,1701.0223834834685
8636,3398.4551670235996
8637,2880.3577773522593
8638,2958.8437556979243
8639,2449.924618539507
8640,3131.8572523145294
8641,3237.8730502165754
8642,2654.250416553712
8643,3248.438710217363
8644,1844.9527129516457
8645,4463.418882160239
8646,2027.5160728770686
8647,4106.253561674487
8648,2164.9309491968315
8649,1982.4553237374141
8650,2518.6499204340635
8651,2855.519914646682
8652,2093.9567348177543
8653,1466.5501711444724
8654,4015.6444705311915
8655,2126.231067189995
8656,3613.8570435940483
8657,4145.364991658503
8658,3656.5111406238175
8659,1003.4460223558633
8660,2131.5843890794367
8661,1466.3251892153137
8662,1745.6320468733463
8663,3512.8080534437568
8664,3680.310993507318
8665,2096.117892956444
8666,3149.5957670221305
8667,1497.5412912825439
8668,2794.1943322031466
8669,3078.3111513430676
8670,2604.5621027822453
8671,3252.8784286462114
8672,3256.90040663162
8673,2239.753565461847
8674,2398.6436015434138
8675,2534.3069257271136
8676,3461.849015650663
8677,3436.631071831469
8678,3395.623597169826
8679,2444.0995645909506
8680,3588.950551361687
8681,3950.0873939222665
8682,2553.078572712603
8683,3769.5740634288095
8684,3018.0684488538836
8685,2658.189221677825
8686,1953.6209035375412
8687,2762.934730026005
8688,3494.1896832912325
8689,2881.690032424368
8690,2189.1003477308195
8691,1971.554618933805
8692,2760.362570465699
8693,15213.479261653392
8694,1135.8278184704752
8695,1655.772710755887
8696,2444.0995645909506
8697,1924.7191939287252
8698,2439.6430136726685
8699,3126.1019159129146
8700,3299.392468417339
8701,2582.6760158728475
8702,2951.5627508478146
8703,16082.418428636498
8704,2317.9399480211687
8705,2125.5511826915063
8706,3131.5899698753947
8707,3869.2082503972906
8708,1980.9528058594735
8709,2041.675236907539
8710,2390.944563081477
8711,2306.6614168791248
8712,12048.315092868483
8713,1791.0948201999652
8714,7934.418734479551
8715,1858.422934053968
8716,3878.14827307053
8717,1971.164941294557
8718,2111.638767010413
8719,2567.888450211153
8720,4712.806417327806
8721,2067.8408601757947
8722,2366.776208125356
8723,14388.33309222686
8724,3875.7427588378478
8725,3083.0068567541857
8726,3244.969161887736
8727,2924.2802372260467
8728,1814.5745797364514
8729,3946.7938103948236
8730,2657.5698239074663
8731,1798.9170893811968
8732,6940.163290858966
8733,9612.678034399896
8734,2806.368742159075
8735,2026.7541072984252
8736,2978.588059664962
8737,2764.112110626779
8738,11011.782017563959
8739,3215.916142045209
8740,4694.50811813294
8741,2831.406959354781
8742,3649.316973082783
8743,2264.13207875021
8744,2272.8025963160244
8745,2715.931269629503
8746,3056.6430977350883
8747,2274.6650298139202
8748,3309.818796945324
8749,3775.7422896171183
8750,3185.5462301178513
8751,2668.2104310696213
8752,1969.399914296934
8753,2261.712140194526
8754,2930.835345436857
8755,2035.9206425063624
8756,2811.7712018576685
8757,1861.1223926157356
8758,1865.1802130589783
8759,1948.4206139872715
8760,2345.319750019228
8761,12533.032886849445
8762,3110.1544625374145
8763,2486.0626099448036
8764,1185.29151616373
8765,2804.80686535696
8766,2663.677965303871
8767,2220.276153757708
8768,1622.910675991947
8769,2188.356218695597
8770,2124.5193494295318
8771,2301.3815280927884
8772,2545.5030510136758
8773,3691.120342660949
8774,2153.2731226558826
8775,3851.7322003608633
8776,1939.6151516312354
8777,1902.663692802493
8778,2231.4681199294328
8779,2854.441052539367
8780,1345.834984139006
8781,2287.0813128349873
8782,12419.733400261079
8783,3374.0059620338534
8784,2188.7522693528317
8785,1194.2770344173025
8786,3669.3659730164954
8787,1898.4541995484049
8788,1826.9075132122268
8789,2334.7271853200828
8790,2538.9879891382097
8791,1490.0546631097866
8792,2513.5353432443817
8793,3603.9399841570375
8794,1455.727273368397
8795,2319.522281147916
8796,3467.505074458353
8797,2026.6251849017592
8798,31363.11104883834
8799,2149.126803723494
8800,2719.0565830529986
8801,12520.030703250975
8802,2404.5458846576485
8803,2425.9141363398367
8804,2453.1998465434135
8805,3735.558466927756
8806,3942.092220073735
8807,2574.2146075240544
8808,1356.3026104281314
8809,1376.855004613695
8810,3596.452933857451
8811,1372.6688026481204
8812,2215.4487109382735
8813,2403.957934557053
8814,3433.7157579583536
8815,1547.8774560593895
8816,2192.977110955746
8817,3457.8545543097125
8818,3099.255607512224
8819,1821.9005621980689
8820,3239.309093161628
8821,2489.360177678035
8822,3924.5634496701396
8823,2611.254219720977
8824,3156.0496011701543
8825,1827.3620319936947
8826,2398.0416453326925
8827,2879.758240796358
8828,2004.0834452700963
8829,2660.324479065175
8830,3425.447252202811
8831,4650.607337993372
8832,2422.651019698771
8833,2412.558884794
8834,3230.304884872131
8835,2709.867604086613
8836,3233.011228620121
8837,2533.535427999419
8838,1829.5058932380587
8839,2157.040580022577
8840,2039.1217557375264
8841,2929.1227357908883
8842,3328.8302753628386
8843,1826.9075132122268
8844,3260.542921893424
8845,4420.7320599006425
8846,2989.563181287662
8847,3724.9742091365342
8848,2380.4772952233016
8849,2265.53109779418
8850,2522.026758630859
8851,3062.040445022435
8852,3245.8478886755383
8853,3640.106987317926
8854,1369.0406431536123
8855,3156.4135542007316
8856,3326.0075718791813
8857,2907.4097972579775
8858,2366.0358209432325
8859,2503.712420480051
8860,3801.0909392355506
8861,2489.918608889083
8862,3856.9494535078293
8863,3652.4418607600965
8864,3031.22765545921
8865,2321.6778397584885
8866,2695.404782898441
8867,2373.2427360133997
8868,2093.176024108873
8869,3050.777582781182
8870,2107.412459162604
8871,3662.799029732243
8872,1944.1483654064712
8873,2405.464734782189
8874,2051.7621895426146
8875,2933.483428606226
8876,2259.940374988216
8877,1332.5320994869883
8878,2442.059774419554
8879,2103.3672560801806
8880,2033.4016319390796
8881,2707.5700819336034
8882,3152.4942720298322
8883,2233.0169529607047
8884,2981.890193220148
8885,3150.5815583270733
8886,2263.4232654617517
8887,2695.227551429696
8888,1557.1705151296212
8889,1629.894423756343
8890,1784.9377036169706
8891,3091.856155451239
8892,2701.630953170584
8893,2366.3243794364453
8894,3993.526902195157
8895,2499.6569985739243
8896,14085.138596100218
8897,3914.3749771921766
8898,3875.6409564281785
8899,1950.9655559374721
8900,2226.112874180616
8901,2803.487655688462
8902,2397.4950983854114
8903,3762.6478421095926
8904,2459.887342037836
8905,1944.5299018471976
8906,3390.1716841079688
8907,2531.8548176882277
8908,2348.7917499535915
8909,1399.1718316583053
8910,4734.454600774393
8911,1953.7118690924115
8912,3099.255607512224
8913,1988.5920384556914
8914,1931.5447421474425
8915,4097.251824691691
8916,2038.9674221689463
8917,2995.7890452000993
8918,3964.2434324285114
8919,2093.503194056918
8920,2628.2923369870723
8921,2265.53109779418
8922,3972.579711917685
8923,2509.346588507722
8924,1912.0807847450244
8925,3851.125612537695
8926,4619.837440998638
8927,2028.4035334062212
8928,2316.552965751328
8929,2147.525920223634
8930,2678.8186502284434
8931,2185.9247608813794
8932,2084.0476446304956
8933,4393.250930492485
8934,2910.561097270155
8935,4273.736035234972
8936,1776.5598460795502
8937,3544.206494965516
8938,2032.209340610895
8939,2021.6627075593995
8940,1889.1040879076306
8941,2022.9340056499539
8942,3526.786643025225
8943,19954.850058001834
8944,2337.3341449039617
8945,2245.1133670989047
8946,1902.7368363013377
8947,2818.7485863439697
8948,3698.6696935919326
8949,2815.8511147991676
8950,2119.9087632714554
8951,2929.799702646297
8952,2219.786663014079
8953,1863.1456690753428
8954,3101.6874100286896
8955,2091.4824586479344
8956,3608.0867735179872
8957,2018.1765085392215
8958,2301.052625410828
8959,1831.552917296766
8960,2193.6049749171407
8961,2364.5966410212523
8962,2413.1681171897308
8963,2589.563629508346
8964,2057.797136547595
8965,2049.532181446244
8966,2511.49886391159
8967,2090.6711497581928
8968,2182.8454603139153
8969,3100.9113874243103
8970,2681.7732308828927
8971,2576.846923994721
8972,2451.7753325695994
8973,2374.8302560520497
8974,3088.7343731402707
8975,3712.839395263759
8976,4336.932041507759
8977,2759.0661998646865
8978,4301.296213117416
8979,2020.186849858783
8980,1756.8671530552308
8981,2172.5891174083936
8982,2019.1202339195177
8983,2139.4628584075244
8984,2487.237788222369
8985,1433.2385680843856
8986,2536.6394148067384
8987,3247.446808265262
8988,2798.6620468837928
8989,9291.392537957501
8990,2692.832623338135
8991,4111.939281345755
8992,2455.931360407256
8993,1084.681272021817
8994,2140.0242451985787
8995,24148.17877890613
8996,2291.050539088541
8997,2526.974092804495
8998,2033.4016319390796
8999,2145.6330838458125
